{
    "openapi": "3.0.0",
    "info": {
      "title": "My API",
      "version": "1.0.0",
      "description": "API Documentation"
    },
    "servers": [
      {
        "url": "http://localhost:5000/api"
      }
    ],
    "paths": {
      "/users": {
        "get": {
          "summary": "Get all users",
          "responses": {
            "200": {
              "description": "Successful response",
              "content": {
                "application/json": {
                  "schema": {
                    "type": "array",
                    "items": {
                      "$ref": "#/components/schemas/User"
                    }
                  }
                }
              }
            }
          }
        },
        "post": {
          "summary": "Create a new user",
          "responses": {
            "201": {
              "description": "User created successfully",
              "content": {
                "application/json": {
                  "schema": {
                    "$ref": "#/components/schemas/User"
                  }
                }
              }
            }
          }
        }
      }
    },
    "components": {
      "schemas": {
        "User": {
          "type": "object",
          "properties": {
            "name": {
              "type": "string"
            },
            "email": {
              "type": "string"
            }
          }
        }
      }
    }
  }
  